학생번호,학년,성별,수면시간,공부시간,스마트폰시간,운동시간,아침식사,성적
0,1,여,5.7,2.7,1.5,3.4,안먹음,62.6
1,2,남,6.7,3.0,2.1,1.8,먹음,72.3
2,2,여,4.6,2.5,3.7,3.1,안먹음,57.9
3,3,남,7.9,2.7,4.3,0.0,안먹음,79.5
4,3,남,7.1,2.8,5.6,1.6,먹음,64.3
5,2,여,6.2,3.6,4.0,2.4,먹음,72.6
6,1,남,6.2,1.9,4.1,2.0,먹음,56.2
7,1,남,6.8,3.4,5.7,5.1,먹음,76.0
8,2,남,,3.3,2.5,2.5,안먹음,65.7
9,1,여,6.3,2.6,2.3,2.5,안먹음,67.0
10,2,남,7.2,1.9,2.8,0.0,먹음,56.2
11,3,여,7.0,2.9,3.4,1.7,먹음,49.3
12,1,남,6.4,3.5,6.1,0.8,안먹음,75.6
13,3,여,6.4,1.2,3.0,5.5,먹음,63.9
14,3,여,6.7,2.6,5.2,1.4,먹음,66.5
15,1,여,5.9,2.6,2.9,2.2,안먹음,53.3
16,3,남,6.1,1.7,4.1,3.8,먹음,44.1
17,3,여,,1.8,24.0,3.0,먹음,56.6
18,2,남,6.4,0.6,4.2,0.0,먹음,50.9
19,3,남,5.1,1.2,4.5,3.0,먹음,50.4
20,1,여,6.0,0.7,2.6,3.1,안먹음,49.7
21,2,여,,1.8,5.4,1.7,안먹음,61.8
22,2,여,6.3,1.8,4.8,2.7,먹음,57.7
23,2,남,6.4,1.9,2.6,2.2,먹음,63.4
24,3,여,7.1,2.9,4.2,0.0,안먹음,71.2
25,1,여,8.3,2.3,2.1,,안먹음,59.3
26,2,남,5.8,1.6,3.6,2.0,먹음,57.3
27,3,여,7.8,1.6,2.0,1.1,먹음,60.2
28,3,여,5.3,1.1,4.4,2.8,안먹음,38.7
29,2,남,6.7,2.3,7.4,3.5,먹음,63.4
30,3,여,5.3,2.2,5.4,2.4,안먹음,55.6
31,3,남,7.9,4.4,4.5,1.4,먹음,78.5
32,1,남,7.3,4.3,2.3,4.0,먹음,88.4
33,3,여,7.6,4.3,4.0,2.2,먹음,77.5
34,2,남,5.6,5.0,5.0,2.5,안먹음,76.7
35,3,여,7.2,1.0,3.4,0.9,안먹음,47.8
36,3,남,6.0,3.3,3.7,1.7,안먹음,61.7
37,3,남,6.0,3.4,1.3,3.5,먹음,75.2
38,3,여,7.0,3.1,2.4,3.1,먹음,64.1
39,1,남,7.4,5.1,1.1,1.7,먹음,82.1
40,3,여,6.7,5.5,6.0,2.0,먹음,67.6
41,1,여,5.9,3.7,4.1,2.3,안먹음,67.9
42,3,여,5.7,3.3,4.4,0.6,먹음,58.7
43,2,여,7.9,1.2,3.2,1.7,먹음,59.9
44,3,여,7.1,1.2,1.6,1.2,먹음,65.4
45,1,남,7.2,3.3,3.7,0.0,안먹음,65.6
46,2,남,8.7,2.4,2.7,2.2,안먹음,62.7
47,2,남,5.7,0.9,2.2,1.8,안먹음,51.2
48,2,여,9.1,2.4,3.6,0.0,먹음,64.5
49,1,여,9.5,2.9,3.6,0.8,먹음,72.0
50,3,남,8.1,3.6,3.3,1.9,먹음,65.0
51,1,여,7.3,2.4,2.5,0.0,먹음,67.7
52,1,남,5.8,2.2,2.2,2.3,안먹음,50.5
53,1,여,7.5,2.5,3.5,2.4,먹음,75.5
54,1,여,6.1,2.7,5.1,3.0,먹음,46.3
55,1,여,6.5,1.1,1.4,1.1,안먹음,58.4
56,2,남,6.2,3.5,2.6,0.0,먹음,67.6
57,1,여,6.8,5.1,3.3,2.9,안먹음,73.7
58,3,여,7.8,3.5,3.3,0.0,안먹음,73.8
59,3,여,5.9,0.8,2.7,2.8,안먹음,53.3
60,3,여,5.5,2.6,6.0,1.0,안먹음,43.4
61,1,남,5.5,0.4,4.0,0.5,안먹음,44.7
62,3,여,5.5,0.3,2.2,2.4,안먹음,47.7
63,3,남,5.1,3.3,1.1,3.7,안먹음,58.1
64,2,남,5.6,2.6,3.3,1.8,안먹음,47.1
65,1,남,7.8,1.7,5.4,1.6,안먹음,58.2
66,1,여,5.9,0.0,3.8,0.0,먹음,50.1
67,2,여,6.8,1.0,0.5,3.2,먹음,66.3
68,2,여,5.3,2.7,1.7,2.1,먹음,59.0
69,2,남,6.7,2.5,3.7,1.6,안먹음,69.2
70,2,여,4.8,3.3,4.9,4.0,먹음,78.1
71,2,여,,4.3,3.7,0.0,안먹음,68.9
72,2,남,8.8,2.1,3.7,1.2,먹음,64.5
73,3,남,5.9,3.1,4.9,2.0,안먹음,52.2
74,3,여,7.6,2.3,5.1,1.6,먹음,54.8
75,2,여,7.0,1.9,2.6,0.0,먹음,75.5
76,3,여,6.3,2.2,4.1,2.5,안먹음,72.4
77,2,남,5.8,3.7,2.3,2.0,먹음,68.8
78,1,여,7.8,1.3,2.1,3.5,먹음,57.0
79,1,남,6.3,3.9,4.3,5.1,먹음,62.7
80,1,여,8.0,4.3,1.6,1.7,먹음,76.3
81,3,남,5.8,2.5,3.7,2.6,안먹음,57.2
82,1,남,6.6,2.8,3.9,2.4,먹음,55.8
83,2,남,7.0,0.8,4.6,2.3,안먹음,43.8
84,3,여,6.9,5.3,2.0,1.8,먹음,91.7
85,1,남,5.3,3.7,4.0,2.6,먹음,61.4
86,2,남,5.8,2.7,3.3,3.7,안먹음,53.6
87,1,남,,2.6,5.4,0.7,안먹음,47.0
88,3,남,5.6,3.0,2.5,4.9,먹음,72.3
89,1,여,7.2,1.7,2.1,2.8,안먹음,53.6
90,2,여,,2.8,4.2,2.5,먹음,64.3
91,3,남,4.5,1.4,2.4,0.0,먹음,53.8
92,1,여,4.7,3.1,1.8,2.0,먹음,63.6
93,2,여,5.2,15.0,4.7,0.5,먹음,50.5
94,1,남,6.6,3.6,4.1,2.9,먹음,70.8
95,2,남,8.5,2.4,0.3,3.4,안먹음,61.8
96,1,남,6.1,2.8,2.3,3.7,먹음,61.7
97,2,남,6.8,6.1,2.1,1.8,안먹음,82.8
98,1,여,5.4,3.5,4.3,1.9,먹음,41.6
99,2,여,5.5,2.8,5.4,2.7,안먹음,49.2
100,3,여,4.5,2.6,6.2,0.0,먹음,43.6
101,3,남,6.5,1.3,4.4,1.3,안먹음,49.8
102,2,여,7.4,3.8,2.1,1.2,먹음,75.8
103,3,남,6.1,4.4,2.0,2.8,먹음,78.5
104,2,여,7.9,2.6,2.3,1.3,안먹음,67.7
105,2,남,6.7,4.5,4.1,3.1,안먹음,82.8
106,2,남,6.5,2.4,5.1,1.7,안먹음,56.3
107,1,여,7.0,0.4,1.0,3.3,먹음,64.1
108,3,남,7.0,1.7,4.3,5.3,먹음,53.8
109,2,여,7.6,1.2,4.7,4.3,먹음,57.0
110,2,남,5.7,2.2,3.9,3.4,먹음,58.6
111,2,남,4.2,3.3,7.7,3.7,먹음,39.9
112,3,여,6.6,1.4,4.2,1.5,안먹음,40.4
113,3,남,5.9,2.4,3.5,0.8,먹음,50.6
114,1,남,6.5,2.7,4.3,0.7,먹음,65.8
115,1,남,8.2,1.6,2.8,2.3,먹음,61.2
116,2,여,5.4,1.4,2.1,4.2,먹음,53.0
117,1,남,7.3,2.6,4.0,0.9,먹음,59.7
118,1,남,7.4,3.5,5.0,2.7,먹음,68.5
119,3,남,7.0,1.8,3.2,0.1,먹음,65.1
120,3,남,7.6,1.6,4.7,0.2,안먹음,67.0
121,2,여,6.0,2.3,3.0,3.3,안먹음,58.6
122,3,여,5.8,2.8,5.6,1.0,먹음,55.9
123,1,남,7.5,1.8,3.8,0.9,먹음,62.8
124,2,여,7.2,2.1,4.2,5.0,안먹음,66.2
125,1,여,7.9,2.2,4.5,,먹음,77.4
126,3,여,6.7,1.2,1.7,1.9,먹음,64.7
127,1,남,8.1,2.3,3.3,1.7,먹음,54.5
128,3,여,6.2,1.8,5.9,2.6,안먹음,49.6
129,2,여,5.4,4.4,3.5,0.9,안먹음,58.5
130,1,남,4.5,1.9,5.3,2.1,먹음,35.2
131,2,여,5.4,3.0,4.6,3.6,먹음,70.9
132,2,남,7.3,3.0,1.1,1.5,안먹음,68.7
133,3,남,5.0,1.2,4.4,0.0,먹음,39.9
134,3,남,6.0,1.0,2.1,1.0,먹음,65.8
135,2,여,8.6,2.0,3.8,3.2,안먹음,57.8
136,3,여,7.3,3.3,3.0,3.7,안먹음,60.7
137,1,여,8.3,1.8,3.5,2.5,먹음,61.3
138,1,남,5.5,1.7,3.4,4.1,먹음,44.4
139,3,여,4.0,0.0,3.8,0.4,먹음,24.2
140,3,여,8.0,2.0,2.9,3.9,안먹음,62.4
141,1,남,5.1,2.9,1.7,2.3,먹음,44.5
142,3,남,6.6,3.0,2.2,3.0,먹음,75.4
143,3,남,6.7,3.0,4.7,0.0,안먹음,63.2
144,3,남,5.6,2.1,5.7,,안먹음,53.9
145,1,여,8.1,2.2,3.8,2.3,안먹음,57.4
146,3,여,8.0,3.5,4.6,4.9,먹음,71.7
147,3,남,7.1,2.3,4.8,2.3,먹음,54.1
148,3,여,6.5,0.0,1.7,0.5,먹음,46.6
149,3,여,6.7,3.7,1.1,0.8,안먹음,75.5
150,2,여,5.4,1.2,3.4,2.6,먹음,50.7
151,3,여,6.3,4.2,1.0,2.5,안먹음,75.8
152,2,여,6.4,4.5,3.1,1.0,안먹음,82.9
153,2,남,5.6,3.4,1.6,0.4,안먹음,65.0
154,3,여,7.3,3.6,2.7,4.3,먹음,77.3
155,1,여,5.1,4.7,2.5,1.6,안먹음,70.9
156,1,남,6.0,1.2,4.2,1.9,안먹음,50.3
157,1,여,4.2,2.8,2.7,1.2,안먹음,52.1
158,3,여,7.0,2.8,2.0,4.1,먹음,58.4
159,1,남,7.2,1.3,3.6,3.7,안먹음,51.5
160,1,남,7.1,4.9,7.4,0.5,안먹음,74.9
161,1,남,9.4,1.8,4.1,1.9,먹음,53.3
162,3,여,7.4,1.6,1.0,0.6,먹음,71.6
163,1,남,5.6,2.8,3.6,4.8,먹음,64.0
164,3,남,9.2,3.7,6.8,2.7,안먹음,37.2
165,3,여,5.6,1.8,3.7,1.6,먹음,45.2
166,2,여,7.3,1.8,5.2,1.5,안먹음,49.4
167,1,여,7.2,3.1,4.9,2.8,먹음,60.8
168,3,여,5.6,0.8,5.0,1.6,안먹음,39.2
169,1,여,7.9,1.6,4.9,4.3,먹음,53.7
170,2,남,6.9,1.5,3.9,0.6,안먹음,49.1
171,3,남,7.1,2.0,3.3,0.1,먹음,58.1
172,3,여,5.8,2.3,3.1,4.1,안먹음,43.9
173,3,여,7.8,4.7,3.7,1.4,먹음,92.2
174,2,여,5.6,3.6,4.1,4.1,안먹음,71.5
175,1,남,4.7,2.5,1.8,3.3,먹음,63.2
176,1,여,7.9,2.2,3.1,0.0,먹음,64.4
177,2,남,6.1,3.5,3.4,1.1,안먹음,59.0
178,3,여,6.5,3.0,3.6,2.1,먹음,83.6
179,2,남,8.4,3.6,3.1,1.7,먹음,65.7
180,2,남,7.6,4.2,4.5,2.5,안먹음,80.1
181,3,남,7.1,1.3,3.4,1.1,먹음,60.6
182,1,여,7.6,0.0,3.0,1.9,안먹음,42.6
183,1,여,5.8,2.5,1.9,3.5,안먹음,55.5
184,2,여,7.3,2.6,2.5,4.0,먹음,65.6
185,3,여,7.6,2.8,3.8,0.8,안먹음,59.7
186,3,여,7.3,1.8,3.7,1.7,먹음,50.9
187,1,남,6.3,2.2,0.8,1.8,먹음,70.8
188,1,여,3.5,3.2,4.7,0.0,먹음,34.3
189,2,여,7.1,3.2,2.6,3.4,먹음,77.2
190,3,남,6.6,4.1,2.3,2.8,안먹음,72.3
191,3,여,6.1,0.0,4.9,2.8,먹음,44.6
192,2,여,7.3,0.5,5.0,1.8,안먹음,47.6
193,1,여,6.8,4.3,2.6,3.3,안먹음,71.6
194,1,여,6.7,3.2,3.0,3.4,먹음,69.2
195,3,여,5.0,3.5,1.9,,안먹음,63.1
196,2,여,5.0,2.2,4.6,1.7,먹음,66.8
197,2,여,6.9,1.9,4.7,2.5,안먹음,46.4
198,2,여,6.6,2.7,2.9,1.4,안먹음,58.9
199,1,남,6.6,1.4,5.3,1.5,안먹음,47.1
